{
    "metadata": {
        "version": 3,
        "type": "Geometry",
        "faces": 1,
        "vertices": 4,
        "generator": "io_three",
        "uvs": 1
    },
    "name": "PlaneGeometry.1",
    "vertices": [-6.04264497756958,2.001592634e-07,4.5791101455688477,6.04264497756958,2.001592634e-07,4.5791101455688477,-6.04264497756958,-2.001592634e-07,-4.5791101455688477,6.04264497756958,-2.001592634e-07,-4.5791101455688477],
    "uvs": [[1.490115977e-07,1.0,0.0,1.490115977e-07,0.9999998807907104,0.0,1.0,0.9999998807907104]],
    "faces": [9,0,1,3,2,0,1,2,3]
}