{
    "metadata": {
        "version": 3,
        "type": "Geometry",
        "faces": 1,
        "vertices": 4,
        "generator": "io_three",
        "uvs": 1
    },
    "name": "Plane.004Geometry",
    "vertices": [-12.075749397277832,9.2804174423217773,-8.8094816207885742,-12.0757284164428711,9.2804183959960938,15.4597635269165039,-12.0757608413696289,-3.5495064258575439,-8.8094816207885742,-12.075739860534668,-3.5495054721832275,15.4597635269165039],
    "uvs": [[1.0,0.9999997019767761,0.0,1.0,5.198553481e-07,0.0,0.9999997019767761,2.436821944e-07]],
    "faces": [9,0,1,3,2,0,1,2,3]
}