{
    "metadata": {
        "version": 3,
        "type": "Geometry",
        "faces": 38,
        "vertices": 36,
        "generator": "io_three",
        "uvs": 1
    },
    "name": "Cube.011Geometry.3",
    "vertices": [-5.9731888771057129,-0.3683919906616211,4.6268343925476074,-5.9731888771057129,-0.3683924674987793,-4.6268343925476074,5.9731888771057129,-0.3683924674987793,-4.6268343925476074,5.9731888771057129,-0.3683919906616211,4.6268343925476074,-5.9731888771057129,5.2550573348999023,4.6268343925476074,-5.9731888771057129,5.2550568580627441,-4.6268343925476074,5.9731888771057129,5.2550568580627441,-4.6268343925476074,5.9731888771057129,5.2550573348999023,4.6268343925476074,-5.9731888771057129,5.2550573348999023,2.3134169578552246,-5.9731888771057129,5.2550573348999023,-2.29705833e-07,-5.9731888771057129,5.2550573348999023,-2.3134174346923828,-2.9865944385528564,5.2550568580627441,-4.6268343925476074,0.0,5.2550568580627441,-4.6268343925476074,2.9865944385528564,5.2550568580627441,-4.6268343925476074,5.9731888771057129,5.2550573348999023,-2.3134174346923828,5.9731888771057129,5.2550573348999023,-2.29705833e-07,5.9731888771057129,5.2550573348999023,2.3134169578552246,2.9865944385528564,5.2550573348999023,4.6268343925476074,0.0,5.2550573348999023,4.6268343925476074,-2.9865944385528564,5.2550573348999023,4.6268343925476074,2.9865944385528564,5.2550573348999023,2.3134169578552246,0.0,5.2550573348999023,2.3134169578552246,-2.9865944385528564,5.2550573348999023,2.3134169578552246,2.9865944385528564,5.2550573348999023,-2.29705833e-07,-2.9865944385528564,5.2550573348999023,-2.29705833e-07,2.9865944385528564,5.2550573348999023,-2.3134174346923828,0.0,5.2550573348999023,-2.3134174346923828,-2.9865944385528564,5.2550573348999023,-2.3134174346923828,2.9865944385528564,5.7734951972961426,2.3134169578552246,-2.9865944385528564,5.7734951972961426,2.3134169578552246,2.9865944385528564,5.7734951972961426,-2.3134174346923828,-2.9865944385528564,5.7734951972961426,-2.3134174346923828,-5.9731884002685547,5.063359260559082,3.3044741153717041,-5.9731888771057129,1.4700167179107666,3.3049330711364746,-5.9731888771057129,1.4705691337585449,-3.34629487991333,-5.9731884002685547,5.0579748153686523,-3.341799259185791],
    "uvs": [[5.69781555e-08,0.4000000655651093,2.84890778e-08,0.3000000417232513,2.84890778e-08,0.200000062584877,2.84890778e-08,0.1000000759959221,0.0,8.34464871e-08,0.4779674410820007,0.0,0.4779675304889679,0.3999999761581421,0.4779675304889679,4.76837059e-08,0.5974593758583069,2.38418529e-08,0.7169512510299683,2.38418529e-08,0.8364431262016296,2.38418529e-08,0.955935001373291,0.0,0.9559350609779358,0.3999999761581421,0.4779675602912903,0.4000000059604645,0.8364431262016296,0.699999988079071,0.9559349417686462,0.699999988079071,0.955935001373291,0.7999999523162842,0.8364431262016296,0.800000011920929,0.4779675602912903,0.7000000476837158,0.5974594354629517,0.7000000476837158,0.5974594354629517,0.800000011920929,0.4779675900936127,0.800000011920929,0.7169512510299683,0.7000000476837158,0.716951310634613,0.800000011920929,0.4779675304889679,0.400000125169754,0.5974593758583069,0.4000000953674316,0.5974593758583069,0.5000000596046448,0.4779675304889679,0.5000001192092896,0.5974593758583069,0.6000000834465027,0.4779675304889679,0.6000000834465027,0.7169511914253235,0.4000000953674316,0.7169512510299683,0.5000000596046448,0.8364430665969849,0.4000000953674316,0.8364430665969849,0.5000000596046448,1.0,0.199999988079071,0.9559351205825806,0.2000000029802322,0.9559350609779358,0.0,0.9999998807907104,0.0,0.9559350609779358,0.6000000238418579,0.9999999403953552,0.6000000238418579,0.9999999403953552,0.800000011920929,0.9559350609779358,0.800000011920929,0.9559348821640015,0.4000000655651093,0.9559349417686462,0.5000000596046448,0.9559349417686462,0.6000000238418579,0.8364431262016296,0.6000000238418579,0.2389837354421616,1.0,3.56113468e-08,1.0,0.0,0.8000000715255737,0.238983690738678,0.800000011920929,0.9559350609779358,0.4000000655651093,0.9999999403953552,0.4000000059604645,0.9999999403953552,0.2000000029802322,0.9559350609779358,0.4000000059604645,0.9559350609779358,0.2000000327825546,5.69781555e-08,0.8000000715255737,2.84890778e-08,0.7000001072883606,0.0162934735417366,0.7428395748138428,0.3217111527919769,0.742859423160553,0.3216641843318939,0.455352783203125,0.4779674708843231,0.4000000655651093,0.4779675304889679,0.800000011920929,2.84890778e-08,0.6000000834465027,2.84890778e-08,0.5000001192092896,0.0,0.400000125169754,0.0167511366307735,0.4555471539497375]],
    "faces": [8,5,2,1,0,5,6,8,13,6,2,3,4,5,8,11,12,13,1,2,3,8,5,11,2,0,1,5,8,11,13,2,1,3,5,8,7,0,3,7,12,13,8,19,4,0,10,11,12,8,17,18,19,8,9,10,8,7,17,0,7,8,12,8,17,19,0,8,10,12,9,27,11,5,10,14,15,16,17,9,19,22,8,4,18,19,20,21,9,22,24,9,8,19,22,23,20,9,24,27,10,9,22,14,17,23,9,7,16,20,17,24,25,26,27,9,17,20,21,18,27,26,28,29,9,18,21,22,19,29,28,19,18,9,16,15,23,20,25,30,31,26,9,15,14,25,23,30,32,33,31,9,25,30,28,20,34,35,36,37,9,31,27,22,29,38,39,40,41,9,14,6,13,25,32,42,43,33,9,25,13,12,26,33,43,44,45,9,26,12,11,27,45,44,15,14,9,31,29,28,30,46,47,48,49,9,25,27,31,30,38,50,51,39,9,28,29,22,20,52,51,53,54,8,34,1,0,59,60,61,8,4,8,32,55,56,57,8,33,34,0,58,59,61,8,4,32,0,55,57,61,8,32,33,0,57,58,61,8,8,35,32,56,65,57,8,1,34,35,60,59,65,8,9,10,5,62,63,64,8,5,1,35,64,60,65,8,8,9,35,56,62,65,8,9,5,35,62,64,65]
}