{
    "metadata": {
        "version": 3,
        "type": "Geometry",
        "faces": 1,
        "vertices": 4,
        "generator": "io_three",
        "uvs": 1
    },
    "name": "Plane.006Geometry",
    "vertices": [-3.5781371593475342,3.9567699432373047,4.3304252624511719,-3.5781357288360596,2.4461979866027832,4.3304252624511719,0.501906156539917,3.9567737579345703,4.330413818359375,0.5019075870513916,2.4462018013000488,4.330413818359375],
    "uvs": [[0.9999994039535522,1.0,1.0,1.8975041485e-06,4.865125334e-07,0.0,0.0,0.999998927116394]],
    "faces": [9,0,1,3,2,0,1,2,3]
}