{
    "metadata": {
        "version": 3,
        "type": "Geometry",
        "faces": 1,
        "vertices": 4,
        "generator": "io_three",
        "uvs": 0
    },
    "name": "Plane.003Geometry",
    "vertices": [-6.0038895606994629,5.1861495971679688,3.5311973094940186,-6.0038857460021973,1.3471280336380005,3.5311973094940186,-6.0038895606994629,5.1861495971679688,-3.5763194561004639,-6.0038857460021973,1.3471277952194214,-3.5763194561004639],
    "uvs": [],
    "faces": [1,0,1,3,2]
}